id,r1,r2,r3,r4,r5,r6,rb
1,4,6,13,15,20,22,25
2,7,10,26,28,36,41,24
3,3,6,16,26,28,30,43
4,5,24,27,35,40,41,15
5,7,17,18,33,34,37,38
6,18,19,25,28,32,41,40
7,22,31,36,37,38,39,27
8,1,10,13,26,33,37,15
9,3,6,10,19,37,43,15
10,7,14,25,27,30,35,16
11,5,11,15,20,29,40,37
12,3,10,19,30,37,42,5
13,4,10,11,19,29,34,21
14,9,23,25,26,38,40,7
15,8,15,35,40,42,43,26
16,1,6,12,28,34,42,15
17,4,13,29,33,38,40,25
18,7,20,24,32,35,41,28
19,4,14,17,21,22,29,41
20,9,12,18,19,27,37,11
21,5,10,31,34,37,41,15
22,7,10,13,14,26,39,8
23,1,6,11,22,35,36,3
24,6,18,27,36,38,40,3
25,6,11,23,26,33,36,16
26,7,16,19,24,37,38,25
27,3,12,17,21,26,36,16
28,10,19,26,32,34,38,12
29,5,8,10,14,25,30,17
30,16,17,20,25,26,38,9
31,3,10,14,19,29,37,7
32,1,12,13,21,39,42,6
33,6,9,11,19,40,43,41
34,18,28,31,35,37,41,4
35,7,10,21,23,34,38,27
36,3,5,21,26,36,41,18
37,8,13,19,31,32,41,33
39,1,10,15,27,35,43,8
40,7,13,22,24,30,39,4
41,10,20,22,23,33,34,17
42,5,7,25,26,28,40,12
43,17,22,27,30,32,41,11
44,11,17,21,24,29,33,20
45,1,10,12,34,35,43,2
48,7,10,12,13,18,39,28
49,10,18,21,22,25,39,43
50,13,14,21,22,38,39,35
51,2,6,17,23,24,33,25
52,8,15,20,26,27,34,1
53,6,9,10,25,36,41,2
55,6,13,20,23,24,43,14
56,1,8,9,25,31,34,19
57,4,5,6,18,19,28,20
58,7,14,22,25,29,41,20
60,3,5,22,23,40,43,16
61,5,16,25,29,35,36,10
62,8,13,22,30,32,40,33
63,1,6,13,18,28,30,4
64,17,18,21,24,28,36,31
65,11,13,28,34,38,41,37
66,3,5,11,22,28,33,16
67,2,6,11,16,21,24,30
68,5,11,13,23,29,36,3
69,1,6,15,28,38,39,31
70,4,5,8,25,27,42,9
71,2,12,14,33,36,43,11
72,7,11,16,22,27,42,2
73,6,10,23,33,36,38,26
74,1,16,24,26,27,43,8
75,12,13,26,27,38,42,2
1197,8,42,22,14,6,5,32
1198,16,11,36,29,7,26,15
1199,36,15,34,18,24,12,25
1200,4,17,41,26,43,27,13
1201,29,30,17,31,3,2,25
1202,16,25,4,43,27,26,37
1203,39,10,22,1,31,41,5
1204,8,11,6,34,32,33,37
1205,32,4,38,3,18,16,12
1206,10,36,24,1,20,12,37
1207,43,14,33,16,34,27,23
1208,15,34,32,37,36,42,16
1209,14,1,18,26,43,16,33
1210,12,26,34,18,37,13,20
1211,43,6,31,37,30,17,2
1212,12,26,28,5,42,22,43
1213,35,13,3,8,23,17,37
1214,20,33,24,9,17,43,25
1215,20,4,2,42,7,8,25
1216,8,23,13,3,38,24,6
1217,11,29,22,14,2,5,9
1218,29,38,36,40,9,12,32
1219,24,31,34,40,11,38,13
1220,30,9,38,32,5,10,31
1221,27,23,43,16,19,28,29
1222,12,42,24,35,34,7,25
1223,8,24,13,31,32,1,26
1224,23,3,2,12,32,21,16
1225,42,39,34,28,1,24,7
1226,9,7,29,41,6,10,36
1227,43,6,36,28,24,15,8
1228,17,6,15,33,28,21,27
1229,7,2,5,19,12,35,15
1230,39,28,26,17,2,11,41
1231,20,3,2,29,1,33,23
1232,9,13,18,37,17,26,25
1233,43,3,39,34,30,6,42
1234,32,41,39,26,43,24,30
1235,8,37,1,13,39,3,21
1236,40,23,35,11,28,7,38
1237,25,24,27,26,29,41,21
1238,5,39,23,43,31,37,3
1239,2,43,4,37,30,27,11
1240,38,31,9,7,23,3,33
1241,34,12,43,9,26,19,3
1242,1,28,10,34,21,29,6
1243,3,16,19,38,26,24,13
1244,5,7,21,11,9,40,34
1245,43,23,11,21,8,29,10
1246,18,1,19,21,33,6,39
1247,28,40,11,22,3,19,36
1248,29,35,3,22,37,11,23
1249,25,7,10,17,11,30,29
1250,15,11,39,42,30,20,5
1251,31,3,13,35,37,19,2
1252,14,41,19,26,33,8,38
1253,22,37,18,38,20,6,4
1254,39,32,12,1,38,35,42
1255,36,31,19,15,28,10,29
1256,40,15,10,7,18,33,23
1257,28,32,27,3,19,26,36
1258,29,7,3,6,8,38,27
1259,26,33,13,24,19,17,9
1260,42,33,28,17,41,6,34
1261,4,2,27,24,32,22,36
1262,24,3,11,8,28,19,17
1263,19,9,34,3,4,5,22
1264,43,11,30,19,3,6,9
1265,32,41,20,18,15,33,8
1266,4,9,7,8,2,30,12
1267,28,8,21,24,41,11,43
1268,19,13,43,3,22,27,2
1269,26,18,43,10,25,29,21
1270,5,42,35,28,7,38,13
1271,41,26,37,24,12,29,13
1272,25,3,24,23,30,43,10
1273,9,40,22,43,31,41,11
1274,15,43,39,21,9,7,27
1275,23,27,7,38,42,14,36
1276,37,5,7,6,32,28,19
1277,20,25,15,7,24,26,21
1278,29,22,39,20,21,32,19
1279,24,43,25,28,26,10,20
1280,16,31,2,29,11,14,30
1281,8,29,26,33,9,43,23
1282,22,13,43,5,26,2,6
1283,31,10,4,28,14,16,38
1284,27,31,22,3,10,11,18
1285,33,16,22,11,15,18,37
1286,29,30,19,9,33,1,31
1287,10,35,33,41,39,29,26
1288,37,39,18,17,14,12,29
1289,22,11,29,14,16,43,9
1290,12,37,1,18,31,27,17
1291,27,39,18,8,43,28,12
1292,26,28,25,15,4,24,7
1293,35,10,13,18,39,9,31
1294,41,22,26,42,14,27,8
1295,6,3,9,38,11,27,43
1296,13,20,6,10,25,29,2
1297,3,25,34,42,41,14,2
1298,29,30,7,17,6,40,8
1299,34,29,37,40,35,20,26
1300,34,2,22,11,30,20,15
1301,10,25,13,31,9,39,34
1302,7,30,28,42,39,6,33
1303,8,34,32,1,7,30,37
1304,14,41,40,2,7,34,9
1305,9,17,30,2,4,20,33
1306,19,10,32,25,4,34,30
1307,20,15,39,6,8,9,33
1308,30,31,3,6,24,33,2
1309,7,20,6,25,12,17,21
1310,1,37,34,27,6,40,11
1311,3,10,19,16,9,32,30
1312,10,40,33,29,18,12,22
1313,26,27,11,37,7,4,18
1314,18,9,37,25,8,33,13
1315,36,12,2,14,26,30,32
1316,39,14,1,27,31,36,38
1317,2,22,33,7,19,43,42
1318,29,4,7,28,17,3,5
1319,24,25,40,11,9,42,26
1320,23,43,31,4,14,15,8
1321,42,23,19,9,11,39,17
1322,35,4,22,10,21,25,32
1323,31,3,35,27,5,9,37
1324,29,30,23,10,16,25,32
1325,43,24,22,41,7,35,13
1326,31,14,24,17,36,2,1
1327,34,38,17,30,19,13,43
1328,13,36,37,10,2,40,6
1329,43,19,9,29,3,2,30
1330,10,28,23,42,39,34,17
1331,25,18,9,19,33,6,27
1332,40,16,3,26,9,13,43
1333,23,35,4,34,16,38,27
1334,16,23,38,24,18,7,32
1335,36,21,17,20,30,18,31
1336,15,29,21,28,27,31,32
1337,13,2,37,4,25,3,40
1338,31,3,5,14,34,19,20
1339,28,17,26,5,30,9,11
1340,32,15,16,4,27,26,29
1341,37,39,27,6,15,24,20
1342,15,1,3,16,36,24,8
1343,16,27,43,23,31,2,17
1344,35,25,24,9,1,40,33
1345,21,24,29,8,27,40,32
1346,20,34,15,11,6,4,13
1347,37,4,22,36,17,9,10
1348,12,7,31,3,34,27,33
1349,8,22,7,1,42,23,13
1350,43,29,38,32,4,7,27
1351,32,18,39,15,26,25,13
1352,43,30,28,41,17,9,8
1353,35,9,34,39,40,11,7
1354,11,16,18,24,42,33,1
1355,28,19,7,29,25,16,18
1356,38,34,27,2,16,41,14
1357,42,12,35,22,40,26,16
1358,26,38,7,22,11,28,5
1359,27,12,6,43,15,22,11
1360,21,4,29,17,26,18,33
1361,41,23,32,10,36,11,3
1362,7,25,42,30,19,17,32
1363,4,34,39,18,7,11,25
1364,19,14,8,37,13,9,18
1365,27,8,13,14,25,38,31
1366,16,40,19,20,37,1,11
1367,20,43,22,15,16,6,39
1368,7,40,25,38,3,29,20
1369,1,19,10,7,43,22,35
1370,34,13,31,18,22,32,40
1371,28,18,22,21,25,26,31
1372,7,37,12,25,42,1,11
1373,5,20,19,11,4,3,7
1374,24,2,32,4,33,30,39
1375,31,38,9,18,15,5,21
1376,10,7,30,4,43,31,5
1377,17,10,28,26,2,29,39
1378,31,33,19,3,35,11,38
1379,26,14,19,9,32,24,6
1380,25,13,24,17,37,35,12
1381,38,23,22,42,2,31,8
1382,8,32,16,26,21,28,13
1383,33,14,16,2,13,40,19
1384,43,8,38,5,31,33,15
1385,42,8,6,41,25,32,40
1386,21,2,15,26,4,31,24
1387,32,21,42,8,20,10,14
1388,17,26,21,37,6,27,23
1389,16,19,32,24,13,11,8
1390,25,12,10,5,28,21,11
1391,33,34,4,17,36,1,29
1392,2,7,3,27,31,39,25
1393,36,26,3,2,33,11,18
1394,42,8,34,3,21,37,43
1395,13,40,22,12,33,30,41
1396,20,19,35,23,41,16,17
1397,36,14,15,28,11,31,43
1398,24,33,40,20,10,32,30
1399,12,10,17,18,42,25,26
1400,25,34,11,15,21,41,30
1401,2,33,7,28,21,39,4
1402,22,38,30,23,26,29,19
1403,32,19,4,33,38,27,17
1404,33,1,3,15,23,16,5
1405,4,30,41,19,7,13,2
1406,42,4,18,43,41,29,21
1407,33,6,13,30,42,5,15
1408,28,7,30,41,40,22,21
1409,40,8,7,17,37,1,36
1410,11,40,22,27,32,43,34
1411,10,11,7,13,42,15,30
1412,3,34,17,5,43,10,41
1413,37,41,15,1,30,42,27
1414,22,1,40,8,19,30,36
1415,35,37,23,41,31,10,8
1416,1,35,21,10,28,24,18
1417,42,28,8,12,10,33,39
1418,1,14,43,31,19,12,9
1419,28,27,26,38,13,5,41
1420,37,35,17,14,22,27,28
1421,10,28,40,9,36,2,12
1422,16,5,25,31,41,21,18
1423,3,13,28,32,15,1,42
1424,41,33,11,3,25,24,32
1425,37,17,42,13,11,35,16
1426,14,30,2,31,28,25,43
1427,7,34,37,43,10,39,1
1428,4,16,24,6,23,36,42
1429,30,12,23,6,1,22,27
1430,10,19,20,9,21,39,43
1431,23,14,37,19,10,11,8
1432,1,24,19,28,6,12,30
1433,5,32,15,25,29,22,23
1434,5,9,12,10,16,34,27
1435,1,7,35,17,2,19,18
1436,6,3,14,23,34,27,10
1437,23,35,15,36,39,8,2
1438,39,40,36,38,3,25,5
1439,7,30,3,2,32,14,19
1440,18,11,19,24,12,1,4
1441,8,23,35,31,20,19,7
1442,25,33,7,11,31,21,2
1443,13,41,34,2,29,35,19
1444,19,26,17,16,41,36,31
1445,17,7,15,26,9,32,31
1446,10,17,7,15,22,41,5
1447,14,19,35,25,18,11,24
1448,22,27,20,23,39,40,32
1449,10,27,43,14,7,3,25
1450,12,25,3,11,24,26,21
1451,6,13,20,16,36,8,23
1452,22,12,6,33,9,25,37
1453,17,18,27,37,22,1,41
1454,5,9,16,36,13,26,19
1455,9,39,6,15,27,20,1
1456,23,41,3,20,17,27,4
1457,28,22,4,10,24,20,13
1458,8,29,36,39,22,10,17
1459,29,7,43,1,6,36,13
1460,12,20,42,4,43,37,16
1461,8,17,23,26,36,31,30
1462,35,5,9,8,24,1,43
1463,14,34,42,7,13,43,4
1464,24,42,34,35,9,37,22
1465,23,17,18,19,37,6,7
1466,31,3,24,6,43,9,13
1467,31,1,8,43,27,10,42
1468,27,43,7,28,42,18,31
1469,4,7,28,12,27,20,36
1470,35,29,31,37,21,43,4
1471,10,31,30,35,25,3,38
1472,43,4,28,22,39,23,8
1473,10,24,11,6,21,43,15
1474,18,11,22,23,8,39,31
1475,38,19,43,6,24,18,15
1476,5,35,12,20,21,23,39
1477,33,23,16,11,9,14,21
1478,35,27,4,13,6,24,38
1479,8,40,2,19,34,18,31
1480,42,16,8,7,19,30,27
1481,36,20,2,28,22,26,32
1482,41,24,1,23,14,31,43
1483,35,43,11,17,32,36,15
1484,11,18,19,6,12,41,34
1485,23,28,5,22,12,43,37
1486,6,32,15,3,4,5,30
1487,38,9,27,26,24,41,37
1488,22,6,13,29,9,24,14
1489,6,37,21,23,36,32,3
1490,27,29,16,35,40,4,5
1491,15,29,30,6,37,2,41
1492,42,5,4,41,28,27,25
1493,22,37,41,3,19,26,29
1494,10,24,34,3,1,27,38
1495,34,25,32,15,41,5,16
1496,41,43,22,3,30,16,36
1497,7,14,12,41,5,32,24
1498,18,22,40,9,27,28,41
1499,18,4,27,7,38,23,5
1500,19,40,14,29,33,41,22
1501,25,3,13,40,12,19,39
1503,18,29,27,17,8,28,7
1504,7,37,20,36,1,33,22
1505,5,41,14,24,15,34,31
1506,11,7,30,23,31,22,3
1507,8,42,9,21,41,12,2
1508,41,15,2,3,28,6,33
1509,23,38,9,27,32,42,19
1510,19,1,5,38,7,12,33
1511,13,4,16,35,11,43,6
1512,25,10,42,13,31,16,34
1513,26,41,30,25,22,23,29
1514,38,17,41,25,43,3,19
1515,8,19,14,22,42,35,16
1516,25,20,9,12,14,8,10
1517,39,22,17,18,20,7,35
1518,42,38,24,6,43,31,30
1519,23,10,5,14,17,6,4
1520,25,21,24,8,14,20,2
1521,39,42,7,40,22,10,14
1522,39,19,37,42,21,16,20
1523,2,25,11,29,33,30,38
1524,29,42,3,25,5,41,11
1525,9,38,42,36,39,2,1
1526,38,6,3,5,27,26,13
1527,5,26,36,21,6,13,43
1528,8,21,33,42,7,6,43
1529,5,19,10,33,20,8,7
1530,15,14,2,35,9,29,22
1531,18,12,16,34,31,5,1
1532,18,20,34,37,12,7,28
1533,17,19,35,8,22,34,5
1534,43,3,6,31,27,23,18
1535,12,32,40,33,10,6,31
1536,1,40,43,17,29,8,37
1537,33,29,16,41,23,43,38
1538,26,23,20,37,18,7,19
1539,26,5,23,28,6,36,19
1540,3,32,17,10,11,19,35
1542,39,3,42,12,20,8,29
1543,27,13,34,28,21,26,39
1544,25,6,23,38,19,35,36
1545,7,41,24,31,38,29,39
1546,17,32,35,22,13,42,6
1547,2,20,32,3,37,5,39
1548,34,41,14,40,31,11,22
1549,11,28,34,15,25,39,22
1550,35,15,32,27,19,38,1
1551,29,7,24,25,39,15,26
1552,37,27,7,1,42,16,9
1553,34,13,41,16,31,10,27
1554,10,3,34,22,26,38,2
1555,40,30,36,22,23,13,37
1556,2,18,25,7,1,37,26
1557,19,4,20,9,42,36,7
1558,10,37,21,35,2,8,26
1559,8,16,42,10,40,28,27
1560,28,40,33,21,2,1,12
1561,39,4,17,24,13,10,1
1562,32,7,25,26,36,27,3
1563,3,39,16,21,13,43,6
1564,5,4,7,3,39,33,11
1565,3,8,18,17,29,2,14
1566,19,35,4,34,30,25,23
1567,40,8,19,42,39,25,36
1568,37,30,27,9,21,29,20
1569,1,14,17,21,13,42,19
1570,8,7,9,19,36,31,3
1571,28,33,40,32,24,17,42
1572,43,16,6,24,30,38,4
1573,20,29,14,2,26,15,8
1574,35,30,19,4,17,26,42
1575,9,1,30,40,18,6,13
1576,1,26,32,33,29,23,41
1577,13,25,36,33,9,37,35
1578,36,33,39,38,27,16,20
1579,43,12,27,37,17,26,28
1580,34,6,17,28,8,14,18
1581,11,3,23,1,33,28,19
1582,6,37,11,30,43,1,2
1583,34,40,26,17,35,27,4
1584,36,2,12,32,9,22,19
1585,39,11,43,22,30,21,19
1586,27,7,20,39,24,37,21
1587,41,1,28,24,18,40,33
1588,40,42,43,21,20,29,27
1589,32,3,9,28,5,43,2
1590,28,19,7,4,17,29,32
1591,29,41,21,3,27,1,10
1592,23,24,39,36,17,20,40
1593,27,15,11,10,1,26,3
1594,26,5,35,17,25,41,28
1595,2,39,42,10,40,16,35
1596,33,41,43,12,9,5,38
1597,19,7,16,8,24,25,35
1598,41,20,6,40,2,19,27
1599,2,12,10,13,36,32,3
1600,20,8,32,5,41,13,17
1601,23,28,25,14,38,29,32
1602,26,10,35,6,11,7,29
1603,39,42,24,22,30,14,29
1604,2,22,17,35,33,11,18
1605,3,35,17,24,11,10,20
1606,14,29,12,26,1,32,23
1607,1,16,2,42,9,13,34
1608,36,38,23,11,34,17,32
1609,43,39,19,26,35,25,16
1610,18,41,22,30,27,37,33
1611,26,2,9,36,39,35,15
1612,27,23,39,37,8,19,4
1613,12,37,36,6,24,43,9
1614,26,13,17,7,27,23,34
1615,10,21,8,39,9,20,16
1616,13,34,40,37,24,6,32
1617,11,23,35,25,10,19,42
1618,20,4,16,27,17,21,19
1619,9,32,43,28,18,15,26
1620,3,16,31,10,27,19,36
1621,35,38,22,11,13,32,23
1622,6,9,21,29,5,3,24
1623,21,24,13,39,26,9,41
1624,23,12,40,14,22,9,15
1625,32,42,16,21,22,14,33
1626,9,10,1,41,28,20,29
1627,42,30,9,12,38,33,4
1628,5,8,36,35,14,38,31
1629,33,28,31,27,40,23,37
1630,18,17,9,19,23,3,36
1631,25,21,16,11,17,34,13
1632,15,4,39,9,33,8,37
1633,13,1,24,14,26,38,6
1634,8,21,28,36,38,40,20
1635,24,25,15,8,22,39,28
1636,21,28,34,41,20,29,33
1637,25,28,43,15,37,19,36
1638,22,35,33,7,6,8,15
1639,4,43,27,41,8,10,29
1648,41,14,29,38,13,30,35
1649,19,16,2,37,13,7,20
1650,30,21,22,17,40,28,7
1651,28,38,35,40,31,10,8
1652,3,42,21,43,28,11,33
1653,37,11,3,18,40,17,43
1654,21,18,24,23,43,40,16
1655,35,1,34,40,24,41,43
1656,15,12,27,34,40,24,37
1657,25,10,41,34,7,3,11
1658,30,25,28,13,34,24,8
1659,36,23,41,6,38,20,2
1660,15,24,42,4,14,1,20
1661,42,31,14,25,30,22,41
1662,28,19,23,21,17,41,43
1663,15,42,16,4,24,33,36
1664,42,18,14,10,33,40,2
1665,7,5,36,22,10,8,19
1666,19,38,23,16,13,20,34
1667,30,14,32,1,42,28,5
1668,37,42,18,6,19,23,7
1669,29,21,13,41,43,15,2
1670,43,38,17,29,11,7,33
1671,9,41,14,34,8,33,17
1672,38,9,11,28,32,16,1
1673,20,13,25,18,33,9,32
1674,35,25,9,43,10,31,41
1675,25,19,32,17,11,41,5
1676,22,39,35,30,21,13,14
1677,29,42,39,2,5,16,41
1678,15,41,39,32,42,14,19
1679,25,35,23,36,8,15,33
1680,19,11,20,27,15,16,38
1681,15,5,25,27,20,17,1
1682,39,31,37,27,2,20,11
1683,29,21,35,15,38,24,32
1684,17,14,39,8,42,20,11
1685,18,13,14,10,8,6,36
1686,6,28,8,30,32,4,20
1687,38,6,34,40,20,23,29
1688,7,26,13,31,10,19,16
1689,32,8,3,27,2,15,26
1690,24,9,6,13,27,35,33
1691,24,3,33,16,40,20,6
1692,1,24,12,26,3,7,40
1693,19,24,21,40,13,22,30
1694,35,23,19,38,42,7,4
1695,7,22,31,3,34,10,41
1696,3,43,32,20,19,24,16
1697,36,25,7,38,4,2,18
1698,24,18,42,43,41,38,28
1699,29,22,20,27,6,21,31
1700,25,11,34,15,21,22,1
1701,12,11,41,10,8,39,36
1702,17,15,9,22,3,11,8
1703,26,43,1,34,30,8,2
1704,14,39,43,28,30,8,38
1705,15,7,6,43,5,21,23
1706,15,16,17,9,14,24,1
1707,22,31,20,4,16,21,35
1708,19,13,26,3,41,18,35
1709,35,38,42,22,31,1,39
1710,8,38,10,15,6,24,21
1711,20,4,41,9,11,28,12
1712,18,26,9,37,2,40,25
1713,33,38,25,32,18,28,6
1714,15,41,21,1,5,18,22
1715,24,11,13,1,5,40,28
1716,39,43,42,9,10,17,16
1717,40,33,4,35,14,31,25
1718,43,11,3,9,7,31,1
1719,26,4,34,40,8,7,29
1720,43,13,30,26,4,16,34
1721,18,7,22,8,37,29,21
1722,19,32,16,12,31,11,7
1723,18,17,3,33,36,10,35
1724,37,32,35,23,11,38,7
1725,7,2,5,34,25,23,19
1726,42,6,29,12,32,37,25
1727,31,13,19,1,10,15,16
1728,4,29,34,22,27,1,40
1729,2,39,7,40,25,16,36
1730,15,35,24,6,2,16,43
1731,13,40,31,7,19,4,24
1732,9,42,24,1,12,13,33
1733,14,16,42,38,5,9,1
1734,43,3,34,32,5,27,18
1735,12,42,5,31,10,16,26
1736,13,6,22,19,4,23,28
1737,6,17,21,9,27,4,5
1738,43,5,10,32,17,35,11
1739,22,12,4,41,2,18,7
1740,21,7,41,33,24,16,26
1741,7,15,36,6,13,1,40
1742,41,12,4,32,37,16,6
1743,29,18,12,10,13,1,37
1744,8,27,1,25,23,32,33
1745,34,15,39,4,18,37,22
1746,37,17,21,19,18,38,33
1747,10,39,11,27,12,19,15
1748,5,27,39,21,12,33,37
1749,35,28,23,24,26,36,10
1750,10,9,23,21,4,38,11
1751,40,31,38,39,20,2,4
1752,34,18,17,5,26,15,2
1753,3,17,35,41,28,34,18
1754,37,31,33,1,15,19,29
1756,31,33,14,30,39,29,21
1757,20,34,21,7,41,17,16
1758,39,8,3,13,24,29,37
1759,36,32,7,41,17,15,5
1760,11,19,34,39,43,24,7
1761,14,8,38,10,33,26,32
1762,32,1,29,6,26,21,11
1763,21,22,43,37,24,25,29
1764,30,13,6,43,21,25,24
1765,29,9,41,27,6,20,30
1766,38,37,42,22,32,11,35
1767,24,9,32,28,30,4,36
1768,42,5,27,4,24,39,36
1769,1,10,6,41,3,12,9
1770,37,17,3,6,1,27,22
1771,29,39,38,31,35,37,18
1772,28,12,10,40,33,23,6
1773,37,40,34,13,16,12,6
1774,34,24,29,42,20,36,7
1775,30,38,16,33,14,5,34
1776,24,28,5,1,2,39,33
1777,15,4,41,8,30,27,31
1778,10,4,2,24,14,5,21
1779,28,43,16,39,34,3,11
1780,35,13,8,41,10,30,16
1781,40,9,22,20,41,24,15
1782,22,3,11,30,37,20,4
1783,5,36,17,22,34,19,35
1784,38,18,23,36,15,30,19
1785,40,19,1,35,29,3,30
1786,42,22,23,6,13,21,14
1787,26,28,2,23,11,6,9
1788,32,10,15,31,43,24,5
1789,24,34,5,1,29,17,22
1790,16,14,18,42,24,15,10
1791,6,1,33,29,5,25,34
1792,36,35,15,39,26,13,20
1793,30,4,32,29,26,38,8
1794,23,25,24,43,12,28,8
1795,30,24,22,12,14,42,5
1796,35,29,38,15,28,3,30
1797,32,8,12,30,37,13,41
1798,9,18,25,8,42,38,40
1799,30,3,39,16,31,14,11
1800,38,36,34,3,14,11,23
1801,34,8,29,6,35,43,16
1802,19,5,17,3,22,24,7
1803,6,24,32,26,13,18,4
1804,15,4,27,24,5,38,35
1805,4,8,16,28,23,2,24
1806,34,7,35,13,20,43,15
1807,27,31,19,1,26,15,37
1808,8,36,34,13,22,28,38
1809,39,34,13,31,32,4,16
1810,22,33,30,17,29,9,12
1811,40,16,9,18,25,30,28
1812,22,16,35,40,17,37,24
1813,25,2,6,21,18,33,3
1814,23,25,39,2,28,36,42
1815,26,6,24,32,21,20,14
1816,17,25,12,7,13,28,36
1817,31,12,34,39,20,24,35
1818,14,5,16,1,25,17,30
1819,29,7,26,43,38,22,20
1820,11,3,10,23,39,27,8
1821,1,5,22,10,16,9,34
1822,25,38,41,7,11,19,34
1823,16,41,13,17,7,32,31
1824,13,29,19,11,4,21,3
1825,28,16,37,21,41,3,27
1826,11,22,24,6,38,2,14
1827,2,41,3,15,11,5,38
1828,4,43,19,11,29,12,20
1829,15,23,25,3,38,41,43
1830,9,18,32,13,36,43,19
1831,4,14,6,20,27,37,30
1832,39,4,16,36,32,37,34
1833,3,42,1,9,22,15,36
1834,18,38,10,4,42,43,13
1835,35,28,20,3,22,12,25
1836,18,10,8,15,35,26,39
1837,16,20,21,31,34,28,18
1838,8,33,37,40,43,17,24
1839,5,34,17,24,29,41,9
1840,38,15,32,13,27,39,22
1841,3,13,39,6,18,32,19
1842,5,22,13,1,40,42,9
1843,21,37,29,34,39,12,28
1844,26,41,34,25,22,1,2
1845,39,6,7,15,13,2,25
1846,16,13,14,34,2,12,30
1847,26,5,37,14,35,15,36
1848,20,19,37,3,27,24,43
1849,25,30,14,11,31,2,28
1850,22,9,11,15,13,2,23
1851,8,11,26,21,10,13,36
1852,3,4,5,17,23,32,43
1853,11,33,1,5,37,19,21
1854,30,29,2,23,38,41,39
1855,14,1,29,23,3,38,9
1856,10,23,2,40,34,21,39
1857,35,39,25,32,5,14,41
1858,34,20,7,12,5,36,29
1859,19,18,12,20,31,17,11
1860,40,17,34,16,8,39,5
1861,41,22,23,16,4,33,24
1862,11,29,2,27,20,4,22
1863,24,9,30,43,32,23,40
1864,30,27,16,43,15,7,24
1865,39,36,26,14,35,17,42
1866,21,27,36,3,20,34,14
1867,3,11,27,32,39,17,7
1868,42,20,43,18,5,14,17
1869,7,24,31,1,12,16,13
1870,25,43,38,42,4,7,1
1871,11,17,26,33,20,7,38
1872,25,7,2,36,41,16,42
1873,20,34,29,3,33,23,41
1874,33,43,27,10,3,39,23
1875,17,25,10,36,42,18,33
1876,15,34,42,21,27,24,6
1877,4,41,38,24,14,2,32
1878,3,43,42,18,10,6,27
1879,21,4,23,20,28,19,13
1880,43,24,11,27,26,31,18
1881,6,17,13,39,41,11,24
1882,27,41,43,29,4,33,30
1883,24,26,23,1,3,30,8
1884,43,37,25,11,19,10,14
1885,19,35,42,29,1,4,14
1886,12,29,20,13,26,14,27
1887,24,28,32,4,17,22,37
1888,6,3,18,42,4,28,24
1889,7,18,12,8,3,16,21
1890,38,6,13,35,31,16,34
1891,13,10,28,20,24,36,1
1892,6,16,24,29,21,14,22
1893,27,29,23,3,30,7,34
1894,27,36,1,24,12,23,15
1895,37,8,34,16,39,19,12
1896,10,40,3,19,4,12,16
1897,42,34,33,32,12,37,1
1898,30,9,36,10,1,33,23
1899,22,29,2,37,26,15,21
1900,30,11,19,14,20,37,22
1901,16,2,26,40,37,13,23
1902,23,3,1,37,11,9,40
1903,20,39,10,26,5,35,21
1904,11,19,23,25,3,15,28
1905,17,30,25,42,18,35,27
1906,35,5,27,2,43,20,13
1907,17,5,31,34,7,13,4
1908,30,29,11,8,9,23,17
1909,23,11,26,29,40,42,28
1910,30,42,22,1,32,4,25
1911,19,28,37,14,7,17,20
1912,8,2,31,16,32,12,26
1913,37,7,14,1,21,8,30
1914,21,43,33,26,23,8,15
1915,42,43,41,40,14,29,28
1916,25,34,38,4,8,22,36
1917,31,14,23,34,39,17,15
1918,34,31,9,13,8,29,28
1919,41,26,17,11,7,43,35
1920,40,28,31,6,5,29,15
1921,25,32,22,28,5,13,37
1922,29,5,8,37,2,28,16
1923,19,39,7,38,2,30,25
1924,34,39,15,21,5,1,42
1925,9,5,4,17,28,20,25
1926,25,37,8,10,24,35,16
1927,9,11,23,30,31,19,3
1928,10,34,38,13,26,36,9
1929,11,39,41,6,5,20,1
1930,15,6,19,37,43,17,32
1931,8,5,6,14,19,39,34
1932,36,39,11,9,6,20,23
1933,31,43,9,3,22,34,4
1934,12,18,2,17,31,25,6
1935,31,4,28,6,37,33,29
1936,16,25,7,6,23,43,37
1937,36,20,3,34,35,9,39
1938,14,17,29,16,10,34,36
1939,17,19,20,2,24,11,12
1940,28,41,30,40,31,16,27
1941,34,25,6,19,28,2,9
1942,21,27,19,17,11,5,18
1943,34,38,10,1,25,23,36
1944,18,31,11,6,9,14,33
1945,5,35,36,10,11,43,29
1946,25,15,22,3,24,16,42
1947,13,39,28,32,4,6,41
1948,17,24,15,42,5,23,7
1949,6,29,37,7,19,31,20
1950,29,15,25,26,35,21,16
1951,28,31,27,33,3,7,34
1952,43,34,19,6,24,18,7
1953,29,43,20,6,11,23,32
1954,30,15,36,3,38,16,10
1955,26,33,42,18,25,17,38
1956,21,7,18,39,3,35,14
1957,12,42,1,32,26,41,24
1958,32,36,23,13,11,4,26
1959,33,41,6,25,30,29,18
1960,30,7,8,10,34,11,28
1961,39,30,40,1,35,5,22
1962,40,33,19,32,11,29,3
1963,25,37,21,24,5,26,16
1964,7,26,34,2,22,8,23
1965,4,12,20,23,17,33,2
1967,19,25,29,18,39,20,9
1968,14,41,20,36,37,7,10
1969,28,43,7,3,19,33,2
1970,21,30,22,42,18,29,28
1971,6,29,22,21,13,24,4
1972,37,31,8,24,13,1,34
1973,17,26,21,39,25,37,30
1974,41,8,16,42,6,15,25
1975,10,34,40,30,25,8,23
1976,7,16,15,34,14,2,22
1977,24,20,7,40,26,21,35
1978,20,38,40,19,33,24,8
1979,31,21,7,11,18,30,3
1980,7,2,23,3,5,14,12
1981,6,28,1,25,40,29,16
1982,38,1,3,33,28,39,18
1983,11,13,17,39,43,21,12
1984,35,11,2,10,16,14,39
1985,15,3,30,6,17,26,38
1986,42,38,39,4,1,5,16
1987,39,23,38,33,5,19,1
1988,41,27,38,39,36,25,37
1989,7,40,25,12,9,2,6
1990,29,11,23,13,8,19,40
1991,36,1,33,13,26,20,34
1992,11,27,28,35,37,15,30
1993,7,5,43,18,1,10,13
1994,9,26,20,5,14,13,43
1995,12,22,38,2,20,27,26
1996,35,12,34,42,37,32,9
1997,16,1,4,17,36,23,5
1998,12,36,37,30,22,8,23
1999,8,15,38,39,19,41,29
2000,19,16,43,38,40,22,33
2001,14,20,21,29,22,38,25
2002,30,16,3,25,8,37,18
2003,11,23,6,3,16,40,18
2004,33,39,26,28,15,30,1
2005,39,9,6,4,31,16,1
2006,34,7,43,6,5,2,11
2007,2,15,8,9,22,23,10
2008,28,6,25,17,31,21,41
2009,29,43,15,19,23,37,32
2010,2,21,12,26,5,40,41
2011,19,43,36,12,14,37,24
2012,4,41,15,31,3,27,19
2013,39,10,32,43,14,1,30
2014,42,14,43,33,12,25,9
2015,19,16,5,32,11,6,17
2016,6,15,8,3,34,23,33
2017,11,16,19,25,28,42,29
2018,36,35,5,34,27,23,18
2019,43,34,17,25,10,9,6
2020,19,39,6,28,18,43,4
2021,38,37,32,25,6,7,19
2121,10,11,5,2,40,30,6
2122,33,13,40,25,32,4,34
2123,1,20,9,26,3,34,14
2124,42,19,30,24,38,26,27
2125,24,26,1,7,20,23,29
2126,41,12,31,10,23,21,38
2127,12,33,3,29,37,23,41
2128,26,34,24,19,37,3,22
2129,19,41,40,14,1,27,6
2130,10,21,7,13,23,4,6
2131,15,17,13,39,34,42,28
2132,16,30,13,9,18,5,3
2133,37,24,33,43,41,11,40
2134,28,24,26,9,27,33,40
2135,36,29,7,21,27,28,4
2136,25,37,27,11,5,10,30
2137,6,29,30,8,28,24,15
2138,16,14,21,22,25,3,30
2139,16,37,12,22,20,29,14
2140,12,19,8,33,17,9,30
2141,36,18,1,2,20,39,41
2142,33,34,23,35,43,24,8
2143,42,8,32,31,25,10,38
2144,10,17,27,14,41,39,35
