issue,set,frame,pos,num,color,r,rel,x,npts
26089,2,1,0,26,3,47.02331602965452,1.0,158.6,439
26089,2,1,1,14,1,48.02678121894803,1.0213397368373744,254.6,363
26089,2,1,2,7,0,46.61562172755809,0.9913299542329317,353.0,371
26089,2,1,3,12,1,48.35833446606462,1.0283905634296016,449.0,359
26089,2,1,4,3,0,46.505356852353714,0.9889850563287761,545.0,410
26089,2,2,0,26,3,39.484394029632554,0.92601553085642,212.6,408
26089,2,2,1,14,1,42.44740411257686,0.9955061086485323,301.40002,316
26089,2,2,2,7,0,42.63901923234014,1.0,386.6,325
26089,2,2,3,12,1,54.51585449336128,1.2785438191320544,481.40002,314
26089,2,2,4,3,0,46.08484744503914,1.0808139651130968,547.4,348
26089,2,3,0,26,3,34.60398718258585,0.7965096632613498,245.0,370
26089,2,3,1,14,1,38.84293051849597,0.8940810590445744,329.0,320
26089,2,3,2,7,0,53.53780080530852,1.2323254966598014,401.0,383
26089,2,3,3,12,1,48.23126835184907,1.110180486164668,494.6,344
26089,2,3,4,3,0,43.44452902290983,1.0,555.80005,361
26091,2,1,0,4,0,44.54527990833204,0.9924845506763096,191.0,363
26091,2,1,1,32,4,42.29607107013706,0.94237138430387,284.6,372
26091,2,1,2,7,0,44.882592759733654,1.0,374.6,327
26091,2,1,3,12,1,45.681212069434935,1.0177935199505177,463.40002,325
26091,2,1,4,3,0,54.141972807469216,1.2063022539117347,523.4,327
26091,2,2,0,4,0,34.944891859459936,0.9055048565272427,245.0,338
26091,2,2,1,32,4,37.32930193273226,0.9672905650074386,330.2,353
26091,2,2,2,7,0,38.59161174847724,1.0,408.2,331
26091,2,2,3,12,1,41.99387709948894,1.0881607478118855,487.40002,248
26091,2,2,4,3,0,51.1251944157721,1.3247747917081854,546.2,407
26091,2,3,0,4,0,38.29119476464208,1.0,251.0,357
26091,2,3,1,32,4,37.18719415898444,0.9711682904531078,330.2,358
26091,2,3,2,7,0,36.72682168128444,0.9591453572296947,405.80002,355
26091,2,3,3,12,1,39.55178727052583,1.0329212110938826,487.40002,321
26091,2,3,4,3,0,51.3566902275544,1.3412140974764502,541.4,294
26098,3,1,0,21,2,47.833330128367834,1.0075083043527873,157.4,486
26098,3,1,1,19,2,47.139083539409505,0.9928854628787145,257.0,431
26098,3,1,2,9,1,47.47685941814193,1.0,353.0,424
26098,3,1,3,18,2,43.576104428865996,0.9178388158550906,446.6,370
26098,3,1,4,7,0,55.125367236892835,1.161099700201068,546.2,420
26098,3,2,0,21,2,40.949015314154785,1.0982294808068587,231.8,400
26098,3,2,1,19,2,35.17768351176933,0.9434456189661821,321.8,325
26098,3,2,2,9,1,37.28639235223401,1.0,395.0,281
26098,3,2,3,18,2,36.728373062112865,0.9850342375617975,475.40002,324
26098,3,2,4,7,0,45.92461534695226,1.2316722656650554,554.6,355
26106,3,1,0,25,3,44.4990849895496,0.9685237776990432,173.0,449
26106,3,1,1,17,2,45.945268473705084,1.0,266.6,399
26106,3,1,2,21,2,46.18063643814946,1.0051227900557178,361.40002,370
26106,3,1,3,28,3,43.92984820295113,0.9561343237790111,455.0,478
26106,3,1,4,14,1,47.80268323828731,1.040426682143456,549.80005,398
26106,3,2,0,25,3,38.52477672600504,0.9990079934385623,245.0,403
26106,3,2,1,17,2,39.256590283137555,1.017985068853735,326.6,336
26106,3,2,2,21,2,38.563031506288205,1.0,405.80002,306
26106,3,2,3,28,3,37.81614832055991,0.9806321454368414,486.2,408
26106,3,2,4,14,1,39.79963409772992,1.0320670482360825,564.2,354
26106,3,4,0,25,3,37.690601013449076,1.0,249.8,388
26106,3,4,1,17,2,35.221723478527856,0.9344962014789774,327.8,328
26106,3,4,2,21,2,38.42493850443749,1.01948330541947,409.40002,321
26106,3,4,3,28,3,35.7018796356001,0.9472356151301662,489.80002,395
26106,3,4,4,14,1,47.183599428408556,1.2518664643095532,559.4,381
26109,1,1,0,27,3,49.66762062451509,1.0839189743753903,174.20001,388
26109,1,1,1,12,1,46.30453774389738,1.0105248938685556,269.0,370
26109,1,1,2,34,4,44.78118454288673,0.9772800671889396,360.2,412
26109,1,1,3,16,2,45.82226328599526,1.0,453.80002,408
26109,1,1,4,14,1,45.153676506258186,0.9854091279698658,549.80005,402
26109,1,2,0,27,3,37.30250340557255,1.0,241.40001,338
26109,1,2,1,12,1,32.715935744761374,0.8770439717961128,320.6,281
26109,1,2,2,34,4,35.96952757590722,0.9642657809002116,402.2,316
26109,1,2,3,16,2,47.81652646450302,1.2818583767586975,482.6,323
26109,1,2,4,14,1,39.42696259404056,1.0569521880440507,564.2,347
26112,2,1,0,1,0,43.992751679424515,1.0037845147843754,186.20001,384
26112,2,1,1,5,0,43.826888173179945,1.0,277.40002,421
26112,2,1,2,22,3,44.56051828641586,1.0167392699736522,368.6,384
26112,2,1,3,10,1,36.51962305971859,0.8332698163605176,452.6,291
26112,2,1,4,3,0,42.4079915805846,0.9676249751753161,554.6,415
26112,2,2,0,1,0,53.09969119622814,1.184575025253647,252.20001,338
26112,2,2,1,5,0,35.75921881662157,0.797734912924675,335.0,318
26112,2,2,2,22,3,37.94782606692879,0.8465594810228629,409.40002,352
26112,2,2,3,10,1,53.355820819024515,1.1902888956652657,488.6,353
26112,2,2,4,3,0,44.82594184767501,1.0,551.0,387
26112,2,3,0,1,0,50.14436907338287,1.2428847960734004,259.40002,347
26112,2,3,1,5,0,35.66296738284025,0.8839469069423762,331.40002,348
26112,2,3,2,22,3,37.99066782695987,0.9416415902192916,408.2,320
26112,2,3,3,10,1,40.34514641405391,1.0,488.6,283
26112,2,3,4,3,0,54.30077546459411,1.3459060206974207,547.4,409
26112,2,4,0,1,0,37.92473886526931,1.0,241.40001,293
26112,2,4,1,5,0,34.906386948268,0.9204120580045587,332.6,349
26112,2,4,2,22,3,37.56046695856023,0.99039487369964,409.40002,365
26112,2,4,3,10,1,41.76630095609268,1.1012943583994297,487.40002,292
26112,2,4,4,3,0,46.35281834238689,1.222231707568482,547.4,401
26090,2,0,0,17,2,46.70351529637379,1.0,158.6,418
26090,2,0,1,9,1,48.437314026437946,1.0371235167002253,254.6,264
26090,2,0,2,24,3,43.144750675392984,0.9238009259389278,355.40002,368
26090,2,0,3,19,2,47.21387714053704,1.0109276965753986,449.0,409
26090,2,0,4,14,1,46.48031723856557,0.995220958071532,546.2,419
26090,2,1,0,17,2,42.33651837623537,1.0398413904477428,204.20001,405
26090,2,1,1,9,1,39.560644900994426,0.9716622334242452,293.0,316
26090,2,1,2,24,3,40.574789718930575,0.996570983554016,380.6,352
26090,2,1,3,19,2,40.71440006634645,1.0,469.40002,385
26090,2,1,4,14,1,48.37741169136755,1.1882137919884312,555.80005,406
26090,2,2,0,17,2,46.89649501761155,1.0,271.40002,306
26090,2,2,1,9,1,36.14673182440264,0.7707768312072804,326.6,314
26090,2,2,2,24,3,45.92792942388246,0.9793467381013155,383.0,303
26090,2,2,3,19,2,52.53521004680185,1.120237451158615,487.40002,304
26090,2,2,4,14,1,53.43644455046729,1.1394549748419307,546.2,372
26092,3,1,0,12,1,46.73143358670432,1.0,174.20001,397
26092,3,1,1,19,2,45.45592893677665,0.9727056383245524,270.2,353
26092,3,1,2,16,2,43.47104917727257,0.9302314489586005,363.80002,367
26092,3,1,3,33,4,54.915775123484416,1.175135682957277,473.00003,442
26092,3,1,4,29,4,51.48524730155997,1.1017262546854152,540.2,460
26093,3,1,0,29,4,42.81536926237286,0.9811022436067864,185.0,400
26093,3,1,1,8,1,44.983581490261884,1.0307862220015975,275.0,370
26093,3,1,2,22,3,43.58172817165096,0.9986631442425672,367.40002,437
26093,3,1,3,10,1,46.010760992180906,1.0543237537637096,458.6,349
26093,3,1,4,26,3,43.64006864867871,1.0,554.6,413
26093,3,3,0,29,4,29.804436615330758,0.8095944227440981,255.8,289
26093,3,3,1,8,1,38.25469927283262,1.0391335885579964,330.2,320
26093,3,3,2,22,3,36.00646173177191,0.9780634667590691,407.0,356
26093,3,3,3,10,1,39.35492901257281,1.0690197384801416,486.2,321
26093,3,3,4,26,3,36.814034012622564,1.0,563.0,357
26093,3,4,0,29,4,29.842844441863583,0.7904088848104538,255.8,290
26093,3,4,1,8,1,38.151757535965444,1.0104763366745,330.2,323
26093,3,4,2,22,3,36.037086338701954,0.9544677713373063,407.0,361
26093,3,4,3,10,1,55.39645050956092,1.467214251477205,489.80002,380
26093,3,4,4,26,3,37.756210760485224,1.0,563.0,377
26095,1,1,0,6,0,48.700593863786054,1.0489628614476376,169.4,385
26095,1,1,1,10,1,46.84858954041801,1.0090725110365695,266.6,373
26095,1,1,2,4,0,41.21657896785427,0.887764546242061,365.0,332
26095,1,1,3,14,1,45.93769013718728,0.9894526343842158,455.0,391
26095,1,1,4,8,1,46.42737665333169,1.0,548.6,428
26095,1,2,0,6,0,38.22359284746885,0.9550455011240417,245.0,338
26095,1,2,1,10,1,40.022797659882755,1.0,324.2,318
26095,1,2,2,4,0,38.9798046534278,0.9739400274983673,403.40002,323
26095,1,2,3,14,1,44.59453774499832,1.1142283986233699,483.80002,340
26095,1,2,4,8,1,40.809660731238175,1.0196603715223072,563.0,292
26096,2,0,0,11,1,47.95018421082559,1.005590698086531,157.4,425
26096,2,0,1,10,1,46.030081574626614,0.9653231291061141,255.8,353
26096,2,0,2,9,1,47.68359960177305,1.0,351.80002,375
26096,2,0,3,25,3,45.6206508376177,0.9567367232888467,446.6,385
26096,2,0,4,8,1,47.880173165582455,1.0041224564724787,542.6,436
26099,3,0,0,17,2,47.12371967644299,1.0,158.6,461
26099,3,0,1,29,4,46.18884936085304,0.9801613641281105,258.2,415
26099,3,0,2,33,4,46.43188865592004,0.9853188367710966,349.40002,479
26099,3,0,3,2,0,54.80751675807502,1.1630558269676055,451.40002,418
26099,3,0,4,20,2,55.01171572217506,1.167389079213016,543.80005,437
26099,3,1,0,17,2,41.982290934420654,0.9983074990249947,205.4,412
26099,3,1,1,29,4,41.156759935182016,0.9786769889009788,288.2,405
26099,3,1,2,33,4,42.05346646741911,1.0,377.0,441
26099,3,1,3,2,0,52.761742886454535,1.2546348094117674,467.00003,355
26099,3,1,4,20,2,51.493709737445265,1.2244819289116147,545.0,451
26101,2,1,0,11,1,48.564251087087115,1.04936588208784,159.8,376
26101,2,1,1,18,2,46.089737032708726,0.9958971151391827,258.2,411
26101,2,1,2,33,4,45.142615339132895,0.9754319134903099,355.40002,470
26101,2,1,3,9,1,48.93751226922184,1.057431229351974,450.2,372
26101,2,1,4,26,3,46.279616972549825,1.0,547.4,463
26101,2,2,0,11,1,39.70978499082727,1.0136809189260727,231.8,319
26101,2,2,1,18,2,37.695588848864936,0.9622640654590151,319.40002,315
26101,2,2,2,33,4,38.15039690432882,0.9738740564902963,397.40002,372
26101,2,2,3,9,1,40.593706788886585,1.0362449962869178,477.80002,329
26101,2,2,4,26,3,39.17385071517094,1.0,561.80005,393
26102,1,1,0,27,3,48.384140444453216,1.0749806609830934,157.4,393
26102,1,1,1,28,3,43.390758268979084,0.9640395711502628,249.8,393
26102,1,1,2,7,0,45.00931244679774,1.0,351.80002,392
26102,1,1,3,1,0,48.20891483539851,1.071087564209802,450.2,331
26102,1,1,4,3,0,43.42820156981693,0.9648714723458677,551.0,409
26102,1,2,0,27,3,41.33285430874559,0.9719012417276577,195.8,373
26102,1,2,1,28,3,42.72519517824613,1.004640761961793,287.0,357
26102,1,2,2,7,0,42.527833625638806,1.0,381.80002,375
26102,1,2,3,1,0,35.2545121252665,0.828975029285587,458.6,276
26102,1,2,4,3,0,48.557730948979,1.1417870794082712,547.4,430
26102,1,4,0,27,3,53.01138515524597,1.1953733643750144,265.40002,408
26102,1,4,1,28,3,33.227409104324146,0.7492571585175861,330.2,302
26102,1,4,2,7,0,46.02025723546146,1.0377278307264393,391.40002,283
26102,1,4,3,1,0,38.62946364091852,0.8710700877031783,479.00003,287
26102,1,4,4,3,0,44.34713599542373,1.0,558.2,399
26104,2,0,0,1,0,46.94675244074216,1.0129247056838733,158.6,420
26104,2,0,1,26,3,45.850092434817185,0.9892631326040534,248.6,362
26104,2,0,2,15,2,46.34772177764802,1.0,350.6,392
26104,2,0,3,6,0,44.75700389017063,0.9656786174925962,452.6,395
26104,2,0,4,14,1,54.28256779361803,1.171202503847702,533.0,464
26104,2,1,0,1,0,45.85069170444148,1.0893545081814484,241.40001,347
26104,2,1,1,26,3,42.089780103801026,1.0,299.0,364
26104,2,1,2,15,2,35.03524335919834,0.8323931194887472,378.2,290
26104,2,1,3,6,0,41.43350247411779,0.9844076726448858,470.6,348
26104,2,1,4,14,1,43.29629209003399,1.028665200513224,555.80005,387
26104,2,2,0,1,0,37.34668721341442,1.0013013116979295,248.6,401
26104,2,2,1,26,3,37.29815069360569,1.0,327.8,357
26104,2,2,2,15,2,37.16046398460108,0.9963084842962947,407.0,328
26104,2,2,3,6,0,35.41914073749556,0.9496219002506131,481.40002,308
26104,2,2,4,14,1,40.67712901055727,1.0905937225871862,543.80005,350
26104,2,3,0,1,0,46.8398689447656,1.2399993684679214,270.2,353
26104,2,3,1,26,3,35.53564046995617,0.9407407137028929,326.6,343
26104,2,3,2,15,2,36.205047714928654,0.9584620391402582,407.0,292
26104,2,3,3,6,0,37.774107097037074,1.0,485.00003,370
26104,2,3,4,14,1,54.331500979556075,1.4383265457469339,546.2,392
26108,1,0,0,5,0,46.22894762049082,0.9811894461355445,158.6,423
26108,1,0,1,1,0,46.62944265413179,0.9896897802436054,254.6,488
26108,1,0,2,21,2,47.11521083167523,1.0,350.6,399
26108,1,0,3,7,0,54.88168314755449,1.1648400204262255,453.80002,446
26108,1,0,4,35,4,48.72087895712795,1.0340796124459501,547.4,444
26111,2,1,0,29,4,48.67795781822854,1.1877011995145457,212.6,426
26111,2,1,1,17,2,37.759719162847134,0.9213053659833663,295.40002,326
26111,2,1,2,10,1,40.98502033855392,1.0,387.80002,313
26111,2,1,3,26,3,39.674134322655,0.9680154845582498,474.2,422
26111,2,1,4,11,1,48.65469647362052,1.187133642284712,552.2,386
26113,1,1,0,4,0,54.39319721516515,1.1167930208751653,156.20001,372
26113,1,1,1,11,1,48.89349118812957,1.0038738761600248,255.8,285
26113,1,1,2,10,1,48.70481476732402,1.0,354.2,367
26113,1,1,3,2,0,42.295757142304616,0.868410183764435,456.2,399
26113,1,1,4,6,0,46.176257481589225,0.9480840385531822,547.4,423
26113,1,2,0,4,0,40.99123083205802,0.9844978350414204,201.8,334
26113,1,2,1,11,1,43.67950090519344,1.0490627679133222,293.0,294
26113,1,2,2,10,1,41.636689663551586,1.0,378.2,339
26113,1,2,3,2,0,41.27924509822317,0.9914151540812497,468.2,397
26113,1,2,4,6,0,43.15296889305107,1.0364169015777165,557.0,410
26113,1,3,0,4,0,54.47545071727584,1.4128302528605496,264.2,380
26113,1,3,1,11,1,37.028744256717204,0.9603468979603246,327.8,264
26113,1,3,2,10,1,38.557675705895804,1.0,408.2,337
26113,1,3,3,2,0,37.237728682539945,0.9657669452530296,486.2,371
26113,1,3,4,6,0,39.080366964301184,1.0135560883491082,565.4,362
26114,3,0,0,8,1,48.69094140322327,1.0097263100648257,161.0,388
26114,3,0,1,15,2,47.04695551568382,0.9756342231964052,254.6,406
26114,3,0,2,12,1,48.51864703946273,1.0061533630822606,354.2,356
26114,3,0,3,30,4,45.06346521094219,0.9345016780301386,447.80002,448
26114,3,0,4,29,4,48.22192005682931,1.0,547.4,411
26114,3,1,0,8,1,41.99138159562196,1.0,228.20001,357
26114,3,1,1,15,2,38.78192612650921,0.9235687098838546,311.0,407
26114,3,1,2,12,1,47.608633437498995,1.1337715414075038,393.80002,319
26114,3,1,3,30,4,39.195355014035314,0.9334142751359684,476.6,424
26114,3,1,4,29,4,43.16517491663501,1.027953196022858,547.4,364
26114,3,2,0,8,1,39.10351646323552,1.072285096145079,253.40001,347
26114,3,2,1,15,2,36.46746243495756,1.0,332.6,393
26114,3,2,2,12,1,36.440689976414596,0.9992658535375003,407.0,313
26114,3,2,3,30,4,41.76701812504676,1.145322853202121,504.2,351
26114,3,2,4,29,4,36.27558304095538,0.9947383398462558,565.4,358
26114,3,3,0,8,1,37.281042501459424,0.9658358456116339,329.0,371
26114,3,3,1,15,2,38.59977103857695,1.0,409.40002,327
26114,3,3,2,12,1,37.43035404047561,0.9697040431423127,482.6,329
26114,3,3,3,30,4,51.18984611535373,1.326169682825169,541.4,434
26114,3,3,4,29,4,48.56712415201166,1.2582231149369578,637.4,225
